990672,4892,[-]
768997,3778,facebook
552571,396981,website
409027,3900,twitter
334380,100490,link
331239,25266,download
255519,1743,instagram
237337,58091,read more
233006,172446,visit website
205686,1647,amazon
186496,1879,youtube
171944,47554,source
170935,1106,linkedin
166254,19634,pdf
157340,72777,learn more
121808,18090,go to album
117550,10340,video
99523,23057,more
91686,1045,share
91313,21557,article
89350,2115,deutsch
89170,9601,sign up
89140,8963,log in
83456,9429,buy now
82000,22125,1
81501,42837,here.
81253,48551,.
78119,1932,original
72528,50111,blog
67957,1224,italiano
67283,19947,privacy policy
66734,10111,english
63479,15574,register
63151,20443,2
54502,8760,buy tickets
51969,12646,tickets
51861,12984,book now
51205,6996,view
51012,17233,more info
49833,13138,apply now
49473,1059,play pause
49117,14490,site
46836,16432,report
45789,7706,buy
44277,25445,contact us
44065,1967,view article
43812,30365,home
43373,5713,map
42645,23594,online
42601,23075,bandcamp
42264,2646,d
41374,7428,tumblr
41272,13717,3
40656,8588,[link]
38833,2812,archive
38396,18573,hier
38151,2365,original article
37811,17949,read
37574,9856,reports
36959,30410,view website
35249,2530,mp3
35229,10598,said
34883,13353,[1]
32499,8505,reported
30899,1579,wordpress
30781,11431,announced
30603,2526,google
30591,10044,4
29773,1253,fr
29429,11148,donate
29370,15083,contact
29333,12413,news
29234,2456,download pdf
29071,15606,more information
28150,7005,book
27962,5907,paper
27798,2826,abstract
27689,19216,homepage
27513,7853,study
26681,11368,press release
26379,2431,en
26367,2907,accessibility
26360,7919,apply
26226,10551,via
26156,11844,post
26156,3570,comments
26093,9181,register now
25947,3830,listen
25899,1047,read full review
25206,8298,details
25087,1008,new york times
24495,8284,register here
24452,16887,visit site
24198,2898,france
24130,4661,privacy
23943,8013,5
23750,19477,official website
23532,6342,shop now
22915,8827,[2]
22822,9156,info
22750,4757,help
22744,9976,interview
22722,7786,documentation
22668,2122,play
22260,1485,de
22252,3471,slides
22247,13950,web
22160,8482,research
22045,10413,this
21901,8253,review
21880,5481,*
21676,1474,android
21605,5096,terms of use
21602,3821,wiki
21420,1946,directions
21377,5845,url
21318,2595,open
21242,2332,p
21026,3433,photo
20857,9625,careers
20841,2999,full text
20829,13615,find out more
20347,12583,login
20081,7890,view original post
19958,15835,web site
19909,14120,official site
19908,1533,0
19857,10614,about
19842,4175,photos
19609,1283,live demo
19523,2091,blogger
19429,6153,6
19271,10207,www
19184,7997,subscribe
18983,1221,view details
18803,1295,apple
18753,2082,watch
18527,12570,shop
18342,4126,read more...
17618,1683,[pdf]
17551,6681,[3]
17402,1734,view profile
17383,2814,download now
17347,8423,events
17103,6901,statement
16924,6492,wrote
16910,1567,zoom
16907,4314,t
16854,6163,get started
16762,5265,gallery
16648,3656,text
16631,3151,canada
16600,5238,7
16234,1867,uk
16168,2097,preview
16062,8335,visit
16036,4876,story
15985,1579,code
15935,2944,terms of service
15763,5764,a
15432,9079,faq
15429,3833,email
15384,3214,html
15298,5734,view more
15162,2754,view this tutor
15152,8267,support
15134,4993,image
14979,3857,spanish
14680,4588,8
14591,1233,permalink
14491,4720,read article
14477,3913,results
14442,2702,germany
14404,4799,demo
14397,4543,rss
14213,2191,virtual tour
14069,5399,[4]
13777,3477,r
13572,8168,about us
13525,7613,forum
13444,5558,part 2
13350,1234,portugal
13251,7805,click here.
13226,4114,9
13184,3946,10
13170,3268,get tickets
13160,5007,library
13151,13000,visit websitewebsite
13061,1034,es
12949,5946,says
12939,2944,pin
12892,1632,+
12878,8469,blog post
12842,1686,watch now
12766,1486,listen now
12621,1375,brochure
12607,5505,writes
12390,5379,history
12347,5202,part 1
12336,1758,united kingdom
12259,2150,audio
12248,6412,newsletter
12186,6409,clicking here
12118,6742,page
12115,2823,x
12100,2918,link here
12082,2733,directory
11927,2732,agenda
11843,4596,i
11806,4566,[5]
11792,3920,john
11779,7233,the original
11690,3100,profile
11685,2176,it
11672,6715,ici
11639,3966,videos
11583,1981,us
11509,5305,podcast
11475,4542,sign in
11408,1383,obituary
11334,3440,11
11233,3094,french
11211,1872,release notes
11043,2737,alumni
10946,4392,donate now
10914,1099,source code
10913,3071,australia
10867,3664,c
10858,5620,image source
10856,4381,jobs
10855,7740,home page
10809,2712,order now
10671,3196,12
10600,2140,japan
10508,3081,more...
10460,5275,these
10443,2280,release
10409,1096,argentina
10403,4725,letter
10367,4907,s
10303,6278,store
10242,4042,[6]
10109,4224,notes
10002,2900,old link
